species,mean_intensity,mean_intensity,mean_intensity,mean_intensity,mean_intensity,std_intensity,std_intensity,skewness,skewness,kurtosis,kurtosis,pixel_count,pixel_count
,mean,std,min,max,median,mean,std,mean,std,mean,std,sum,mean
Glaucous_Winged_Gull,181.48851306189977,20.61205404235549,95.61106815420302,233.48362584706115,183.68266535603158,35.087535985146204,8.839835962487754,-0.11819880773048234,0.5671757400951164,-0.009530709283617243,1.2801733113806189,10278150,102781.5
Slaty_Backed_Gull,148.83727212444393,28.19636220759439,56.5434474706446,208.90990592913872,148.965271849674,71.94662932674186,17.271339127332567,-0.3956518036292801,0.4433978768545401,-0.9915755883887233,0.8482880751438806,62634731,626347.31
