species,mean,std,count
Glaucous_Winged_Gull,155.35832960866858,32.51701564637381,93
Slaty_Backed_Gull,81.57578348051396,20.655938544787475,104
