region,ones_kl_divergence,ones_mean_slaty,ones_mean_glaucous,ones_mean_diff_pct,trans_kl_divergence,trans_mean_slaty,trans_mean_glaucous,trans_mean_diff_pct
wing,0.026288085178386763,12.182937541818184,11.340841309696968,6.912095126735268,0.026624399414047983,2.7954720199982894,3.0946942044401795,9.66887726782745
wingtip,0.07635967237073522,12.350865199734514,11.193331883061223,9.372082829453703,0.03494587507150992,2.6920314003467207,2.9279417099099314,8.057206493037313
head,0.02430026454125171,11.781845865684211,10.553251546,10.42785938375423,0.0074987750925303975,2.5213733856948615,2.653800731040109,4.99010132133564
