region,species,mean_intensity,std_intensity,entropy,energy,contrast,homogeneity,mean_ones,ones_entropy,ones_energy,mean_transitions,transitions_entropy,transitions_energy
wing,Slaty_Backed_Gull,73.98076904194022,22.742068043598763,3.379256944392032,0.3261952830925019,4915.535965725068,0.029734534958774934,12.179024786915887,4.539804792233521,0.04610897670667916,2.8036358186549393,1.7295900621899514,0.3695358524047768
wing,Glaucous_Winged_Gull,154.09533885381944,19.952831305027328,3.152037078823088,0.36451084429377234,3534.7632907896455,0.04298915713171359,11.335161488265307,4.605008435258089,0.0422142655178744,3.095391138812741,1.9234576663457943,0.30886623146940806
wingtip,Slaty_Backed_Gull,81.44132772651052,61.06316313447117,3.56151026360739,0.29765888434424465,5640.307362026265,0.025010836736580777,12.349384539636361,4.386831184454239,0.05725095309308115,2.694579436143457,1.5966229787557809,0.4257003409832715
wingtip,Glaucous_Winged_Gull,154.21369419147564,26.010690477599937,3.0191346900817164,0.3939660143596447,3814.97628073997,0.04609430531600272,11.190588624123711,4.581457970189375,0.04382252367845443,2.9298030064333815,1.8218590969832085,0.3379506843563229
head,Slaty_Backed_Gull,169.63402058682615,34.90996992414323,3.4829914897509413,0.2938677604900484,5254.353697731466,0.029084827415453932,11.777548838817204,4.425675025473133,0.053595453324131764,2.523243491206829,1.3828384925447574,0.48912874352703645
head,Glaucous_Winged_Gull,187.96589062589103,37.68311003664186,3.77035057253498,0.2477492592622288,6490.288166290078,0.02454883051781195,10.552857292340427,4.435493735110796,0.052099248952590896,2.6545675490200678,1.518948945492012,0.445733048692243
