species,percentage_darker,mean_wing_intensity,std_wing_intensity,mean_wingtip_intensity,std_wingtip_intensity,mean_darker_wingtip_intensity,std_darker_wingtip_intensity
Glaucous_Winged_Gull,47.70777045166619,153.87047985595675,19.852234820586297,155.35832960866858,25.796245385434965,133.90342822836823,14.759098743015288
Slaty_Backed_Gull,56.69295473356241,73.54253008006856,22.922157030016614,81.57578348051396,60.980109772119334,38.57046833117586,18.730226609959992
