species,percentage_darker,mean_wing_intensity,std_wing_intensity,mean_wingtip_intensity,std_wingtip_intensity,mean_darker_wingtip_intensity,std_darker_wingtip_intensity
Glaucous_Winged_Gull,47.73237825654305,153.13670458756795,19.037179460513443,154.4349568408109,24.724151250144292,133.89635094020846,14.269841304219751
Slaty_Backed_Gull,56.62287896572458,76.1364585483366,21.67894690782503,83.43505886466492,57.437398177987774,42.93250150772379,17.709201732473584
