species,percentage_darker,mean_wing_intensity,std_wing_intensity,mean_wingtip_intensity,std_wingtip_intensity,mean_darker_wingtip_intensity,std_darker_wingtip_intensity
Glaucous_Winged_Gull,48.45774965393103,153.1806047911587,20.119341507766027,153.96616079746067,25.948298661694036,132.63005789907805,14.781913223312031
Slaty_Backed_Gull,56.64923434272939,74.93704549199664,22.82152524288176,82.34235517713076,60.505396776024014,39.54911339436058,19.028567508292248
