region,slaty_mean_ones,glaucous_mean_ones,mean_diff_pct,kl_divergence
wing,12.179024786915887,11.335161488265307,6.9288248723917185,0.025541103666949297
wingtip,12.349384539636361,11.190588624123711,9.38343050047069,0.07676073664771259
head,11.777548838817204,10.552857292340427,10.398526579999052,0.024056132184970058
