Species,Mean_Intensity,Std_Deviation,Min_Intensity,Max_Intensity,Median_Intensity,Sample_Count,Mean_Std_Intensity,Mean_Skewness,Mean_Kurtosis,Total_Pixels
Slaty_Backed_Gull,74.93704549199664,22.057266412837336,26.03542329079581,160.31674208144796,71.80163215771641,100,22.82152524288176,1.3466396317896325,5.456236889323019,45956528
Glaucous_Winged_Gull,153.1806047911587,31.07453774738211,68.4198958935801,208.575377600456,160.07697987300452,100,20.119341507766027,0.07522145099499877,1.2511157006576938,3914723
