Species,Mean_Intensity,Std_Deviation,Min_Intensity,Max_Intensity,Median_Intensity,Sample_Count,Mean_Std_Intensity,Mean_Skewness,Mean_Kurtosis,Total_Pixels
Slaty_Backed_Gull,73.9807690419402,21.89822450897497,26.03542329079581,160.31674208144796,70.57913836113542,107,22.742068043598763,1.395368094639121,5.540881481933359,47372951
Glaucous_Winged_Gull,154.0953388538194,30.815779614600913,68.4198958935801,208.575377600456,160.49127863707778,98,19.952831305027328,0.08528513205620741,1.3221948870897688,3886316
